start_lat,start_lon,end_lat,end_lon,airport1,airport2
57.09305556,9.85,55.61805556,12.65583333,AAL,CPH
56.30388889,10.62,55.61805556,12.65583333,AAR,CPH
57.20194444,-2.197777778,54.61805556,-5.8725,ABZ,BHD
57.20194444,-2.197777778,50.03194444,8.577777778,ABZ,FRA
57.20194444,-2.197777778,55.03777778,-1.686666667,ABZ,NCL
28.94555556,-13.60527778,41.30277778,2.094444444,ACE,BCN
28.94555556,-13.60527778,60.29361111,5.219444444,ACE,BGO
28.94555556,-13.60527778,43.30277778,-2.921666667,ACE,BIO
28.94555556,-13.60527778,53.04666667,8.79,ACE,BRE
28.94555556,-13.60527778,55.61805556,12.65583333,ACE,CPH
28.94555556,-13.60527778,53.4325,-6.252222222,ACE,DUB
28.94555556,-13.60527778,51.28111111,6.752777778,ACE,DUS
28.94555556,-13.60527778,50.03194444,8.577777778,ACE,FRA
28.94555556,-13.60527778,52.46166667,9.684722222,ACE,HAJ
28.94555556,-13.60527778,53.63388889,9.995,ACE,HAM
28.94555556,-13.60527778,51.42388889,12.23638889,ACE,LEJ
28.94555556,-13.60527778,27.93194444,-15.38666667,ACE,LPA
28.94555556,-13.60527778,40.47361111,-3.561111111,ACE,MAD
28.94555556,-13.60527778,48.1325,11.69916667,ACE,MUC
28.94555556,-13.60527778,49.49972222,11.08166667,ACE,NUE
28.94555556,-13.60527778,48.68833333,9.21,ACE,STR
62.56111111,6.114166667,60.29361111,5.219444444,AES,BGO
62.56111111,6.114166667,60.20277778,11.08555556,AES,OSL
62.56111111,6.114166667,58.87972222,5.634722222,AES,SVG
62.56111111,6.114166667,63.45972222,10.93694444,AES,TRD
56.29305556,12.8625,59.66194444,17.93388889,AGH,ARN
36.67166667,-4.498055556,27.93194444,-15.38666667,AGP,LPA
36.67166667,-4.498055556,39.55361111,2.727777778,AGP,PMI
36.67166667,-4.498055556,42.895,-8.415,AGP,SCQ
36.67166667,-4.498055556,48.68833333,9.21,AGP,STR
36.67166667,-4.498055556,52.38,13.5225,AGP,SXF
36.67166667,-4.498055556,28.04277778,-16.57055556,AGP,TFS
36.67166667,-4.498055556,39.48861111,-0.481944444,AGP,VLC
36.67166667,-4.498055556,47.45833333,8.551666667,AGP,ZRH
69.97611111,23.38055556,69.72277778,29.89333333,ALF,KKN
69.97611111,23.38055556,60.20277778,11.08555556,ALF,OSL
69.97611111,23.38055556,69.68138889,18.92166667,ALF,TOS
52.30833333,4.768055556,52.30833333,4.768055556,AMS,AMS
52.30833333,4.768055556,52.83111111,-1.328055556,AMS,EMA
52.30833333,4.768055556,50.03194444,8.577777778,AMS,FRA
52.30833333,4.768055556,53.63388889,9.995,AMS,HAM
52.30833333,4.768055556,48.1325,11.69916667,AMS,MUC
52.30833333,4.768055556,55.03777778,-1.686666667,AMS,NCL
52.30833333,4.768055556,51.95833333,4.444444444,AMS,RTM
52.30833333,4.768055556,28.6225,-17.75361111,AMS,SPC
52.30833333,4.768055556,51.88277778,0.233888889,AMS,STN
52.30833333,4.768055556,48.68833333,9.21,AMS,STR
52.30833333,4.768055556,52.38,13.5225,AMS,SXF
52.30833333,4.768055556,48.11083333,16.55805556,AMS,VIE
52.30833333,4.768055556,47.45833333,8.551666667,AMS,ZRH
43.6175,13.36416667,48.1325,11.69916667,AOI,MUC
59.66194444,17.93388889,56.29305556,12.8625,ARN,AGH
59.66194444,17.93388889,51.28111111,6.752777778,ARN,DUS
59.66194444,17.93388889,50.03194444,8.577777778,ARN,FRA
59.66194444,17.93388889,53.63388889,9.995,ARN,HAM
59.66194444,17.93388889,60.32555556,24.97166667,ARN,HEL
59.66194444,17.93388889,56.685,16.28722222,ARN,KLR
59.66194444,17.93388889,67.82222222,20.34583333,ARN,KRN
59.66194444,17.93388889,59.36166667,13.46944444,ARN,KSD
59.66194444,17.93388889,65.54472222,22.12777778,ARN,LLA
59.66194444,17.93388889,58.40611111,15.68055556,ARN,LPI
59.66194444,17.93388889,55.54833333,13.35944444,ARN,MMX
59.66194444,17.93388889,48.1325,11.69916667,ARN,MUC
59.66194444,17.93388889,63.19861111,14.49444444,ARN,OSD
59.66194444,17.93388889,60.20277778,11.08555556,ARN,OSL
59.66194444,17.93388889,56.25833333,15.26111111,ARN,RNB
59.66194444,17.93388889,62.52638889,17.44666667,ARN,SDL
59.66194444,17.93388889,64.625,21.07833333,ARN,SFT
59.66194444,17.93388889,28.6225,-17.75361111,ARN,SPC
59.66194444,17.93388889,52.38,13.5225,ARN,SXF
59.66194444,17.93388889,60.51472222,22.26555556,ARN,TKU
59.66194444,17.93388889,61.46388889,23.73888889,ARN,TMP
59.66194444,17.93388889,52.56027778,13.29555556,ARN,TXL
59.66194444,17.93388889,44.92,4.970277778,ARN,VAA
59.66194444,17.93388889,48.11083333,16.55805556,ARN,VIE
59.66194444,17.93388889,47.45833333,8.551666667,ARN,ZRH
37.89583333,23.72888889,40.85583333,25.95638889,ATH,AXD
37.89583333,23.72888889,39.60138889,19.91027778,ATH,CFU
37.89583333,23.72888889,35.5325,24.14833333,ATH,CHQ
37.89583333,23.72888889,38.11861111,20.49972222,ATH,EFL
37.89583333,23.72888889,50.03194444,8.577777778,ATH,FRA
37.89583333,23.72888889,46.23944444,6.110277778,ATH,GVA
37.89583333,23.72888889,35.34027778,25.18027778,ATH,HER
37.89583333,23.72888889,39.69638889,20.8225,ATH,IOA
37.89583333,23.72888889,38.345,26.14166667,ATH,JKH
37.89583333,23.72888889,37.43611111,25.34444444,ATH,JMK
37.89583333,23.72888889,39.18055556,23.50555556,ATH,JSI
37.89583333,23.72888889,36.40638889,25.47722222,ATH,JTR
37.89583333,23.72888889,36.79305556,27.09527778,ATH,KGS
37.89583333,23.72888889,40.97277778,24.34194444,ATH,KVA
37.89583333,23.72888889,39.05611111,26.59944444,ATH,MJT
37.89583333,23.72888889,48.1325,11.69916667,ATH,MUC
37.89583333,23.72888889,36.38472222,28.11833333,ATH,RHO
37.89583333,23.72888889,40.52083333,22.97222222,ATH,SKG
37.89583333,23.72888889,37.68888889,26.91388889,ATH,SMI
37.89583333,23.72888889,52.38,13.5225,ATH,SXF
37.89583333,23.72888889,48.11083333,16.55805556,ATH,VIE
37.89583333,23.72888889,47.45833333,8.551666667,ATH,ZRH
37.89583333,23.72888889,37.75111111,20.88277778,ATH,ZTH
40.85583333,25.95638889,37.89583333,23.72888889,AXD,ATH
41.30277778,2.094444444,41.30277778,2.094444444,BCN,BCN
41.30277778,2.094444444,50.86583333,7.141944444,BCN,CGN
41.30277778,2.094444444,51.28111111,6.752777778,BCN,DUS
41.30277778,2.094444444,50.03194444,8.577777778,BCN,FRA
41.30277778,2.094444444,46.23944444,6.110277778,BCN,GVA
41.30277778,2.094444444,52.46166667,9.684722222,BCN,HAJ
41.30277778,2.094444444,53.63388889,9.995,BCN,HAM
41.30277778,2.094444444,38.87361111,1.372777778,BCN,IBZ
41.30277778,2.094444444,39.86138889,4.215277778,BCN,MAH
41.30277778,2.094444444,48.1325,11.69916667,BCN,MUC
41.30277778,2.094444444,39.55361111,2.727777778,BCN,PMI
41.30277778,2.094444444,48.68833333,9.21,BCN,STR
41.30277778,2.094444444,52.38,13.5225,BCN,SXF
41.30277778,2.094444444,52.56027778,13.29555556,BCN,TXL
41.30277778,2.094444444,39.48861111,-0.481944444,BCN,VLC
41.30277778,2.094444444,47.45833333,8.551666667,BCN,ZRH
60.29361111,5.219444444,28.94555556,-13.60527778,BGO,ACE
60.29361111,5.219444444,62.56111111,6.114166667,BGO,AES
60.29361111,5.219444444,67.26916667,14.37222222,BGO,BOO
60.29361111,5.219444444,62.18166667,6.078888889,BGO,HOV
60.29361111,5.219444444,58.20305556,8.084166667,BGO,KRS
60.29361111,5.219444444,63.11472222,7.844444444,BGO,KSU
60.29361111,5.219444444,27.93194444,-15.38666667,BGO,LPA
60.29361111,5.219444444,62.74861111,7.271111111,BGO,MOL
60.29361111,5.219444444,58.87972222,5.634722222,BGO,SVG
60.29361111,5.219444444,69.68138889,18.92166667,BGO,TOS
60.29361111,5.219444444,63.45972222,10.93694444,BGO,TRD
45.66833333,9.700277778,48.1325,11.69916667,BGY,MUC
54.61805556,-5.8725,51.39666667,-3.343333333,BHD,CWL
54.61805556,-5.8725,55.95,-3.3725,BHD,EDI
54.61805556,-5.8725,52.83111111,-1.328055556,BHD,EMA
54.61805556,-5.8725,56.06666667,-6.216666667,BHD,GLA
54.61805556,-5.8725,53.35333333,-2.276666667,BHD,MAN
52.45388889,-1.746388889,51.28111111,6.752777778,BHX,DUS
52.45388889,-1.746388889,50.03194444,8.577777778,BHX,FRA
52.45388889,-1.746388889,53.63388889,9.995,BHX,HAM
52.45388889,-1.746388889,49.20805556,-2.195555556,BHX,JER
52.45388889,-1.746388889,48.1325,11.69916667,BHX,MUC
52.45388889,-1.746388889,53.91,-8.817777778,BHX,NOC
52.45388889,-1.746388889,52.70055556,-8.918611111,BHX,SNN
52.45388889,-1.746388889,47.45833333,8.551666667,BHX,ZRH
43.30277778,-2.921666667,28.94555556,-13.60527778,BIO,ACE
43.30277778,-2.921666667,51.28111111,6.752777778,BIO,DUS
43.30277778,-2.921666667,50.03194444,8.577777778,BIO,FRA
43.30277778,-2.921666667,40.47361111,-3.561111111,BIO,MAD
43.30277778,-2.921666667,48.1325,11.69916667,BIO,MUC
43.30277778,-2.921666667,42.895,-8.415,BIO,SCQ
43.30277778,-2.921666667,51.88277778,0.233888889,BIO,STN
43.30277778,-2.921666667,39.48861111,-0.481944444,BIO,VLC
55.74027778,9.152777778,50.90166667,4.494166667,BLL,BRU
55.74027778,9.152777778,55.52638889,8.5525,BLL,EBJ
55.74027778,9.152777778,50.03194444,8.577777778,BLL,FRA
44.53055556,11.2925,50.86583333,7.141944444,BLQ,CGN
44.53055556,11.2925,50.03194444,8.577777778,BLQ,FRA
44.53055556,11.2925,48.1325,11.69916667,BLQ,MUC
44.53055556,11.2925,48.11083333,16.55805556,BLQ,VIE
44.82944444,-0.714444444,43.58055556,3.970277778,BOD,MPL
44.82944444,-0.714444444,52.38,13.5225,BOD,SXF
67.26916667,14.37222222,60.29361111,5.219444444,BOO,BGO
67.26916667,14.37222222,68.49111111,16.67972222,BOO,EVE
67.26916667,14.37222222,27.93194444,-15.38666667,BOO,LPA
67.26916667,14.37222222,60.20277778,11.08555556,BOO,OSL
67.26916667,14.37222222,69.68138889,18.92166667,BOO,TOS
67.26916667,14.37222222,63.45972222,10.93694444,BOO,TRD
53.04666667,8.79,50.90166667,4.494166667,BRE,BRU
53.04666667,8.79,50.03194444,8.577777778,BRE,FRA
53.04666667,8.79,48.1325,11.69916667,BRE,MUC
53.04666667,8.79,48.68833333,9.21,BRE,STR
41.14111111,16.78833333,48.1325,11.69916667,BRI,MUC
46.91527778,7.499166667,52.30833333,4.768055556,BRN,AMS
46.91527778,7.499166667,50.86583333,7.141944444,BRN,CGN
46.91527778,7.499166667,46.23944444,6.110277778,BRN,GVA
46.91527778,7.499166667,53.63388889,9.995,BRN,HAM
46.91527778,7.499166667,48.1325,11.69916667,BRN,MUC
46.91527778,7.499166667,52.56027778,13.29555556,BRN,TXL
46.91527778,7.499166667,47.45833333,8.551666667,BRN,ZRH
51.38277778,-2.719166667,50.03194444,8.577777778,BRS,FRA
51.38277778,-2.719166667,49.20805556,-2.195555556,BRS,JER
51.38277778,-2.719166667,48.1325,11.69916667,BRS,MUC
51.38277778,-2.719166667,52.38,13.5225,BRS,SXF
50.90166667,4.494166667,36.67166667,-4.498055556,BRU,AGP
50.90166667,4.494166667,41.30277778,2.094444444,BRU,BCN
50.90166667,4.494166667,43.30277778,-2.921666667,BRU,BIO
50.90166667,4.494166667,55.74027778,9.152777778,BRU,BLL
50.90166667,4.494166667,44.53055556,11.2925,BRU,BLQ
50.90166667,4.494166667,53.04666667,8.79,BRU,BRE
50.90166667,4.494166667,47.59,7.53,BRU,BSL
50.90166667,4.494166667,47.43694444,19.25555556,BRU,BUD
50.90166667,4.494166667,49.00972222,2.547777778,BRU,CDG
50.90166667,4.494166667,55.61805556,12.65583333,BRU,CPH
50.90166667,4.494166667,52.83111111,-1.328055556,BRU,EMA
50.90166667,4.494166667,41.80027778,12.23888889,BRU,FCO
50.90166667,4.494166667,50.03194444,8.577777778,BRU,FRA
50.90166667,4.494166667,57.66305556,12.28277778,BRU,GOT
50.90166667,4.494166667,46.23944444,6.110277778,BRU,GVA
50.90166667,4.494166667,52.46166667,9.684722222,BRU,HAJ
50.90166667,4.494166667,53.63388889,9.995,BRU,HAM
50.90166667,4.494166667,50.07777778,19.78472222,BRU,KRK
50.90166667,4.494166667,50.63722222,5.443888889,BRU,LGG
50.90166667,4.494166667,51.4775,-0.461388889,BRU,LHR
50.90166667,4.494166667,45.44166667,9.277777778,BRU,LIN
50.90166667,4.494166667,38.78138889,-9.135833333,BRU,LIS
50.90166667,4.494166667,45.72555556,5.081666667,BRU,LYS
50.90166667,4.494166667,40.47361111,-3.561111111,BRU,MAD
50.90166667,4.494166667,43.43555556,5.216388889,BRU,MRS
50.90166667,4.494166667,48.1325,11.69916667,BRU,MUC
50.90166667,4.494166667,45.63277778,8.732222222,BRU,MXP
50.90166667,4.494166667,43.66388889,7.2175,BRU,NCE
50.90166667,4.494166667,49.49972222,11.08166667,BRU,NUE
50.90166667,4.494166667,41.23805556,-8.674722222,BRU,OPO
50.90166667,4.494166667,60.20277778,11.08555556,BRU,OSL
50.90166667,4.494166667,50.10083333,14.26,BRU,PRG
50.90166667,4.494166667,48.68833333,9.21,BRU,STR
50.90166667,4.494166667,48.53694444,7.6275,BRU,SXB
50.90166667,4.494166667,52.38,13.5225,BRU,SXF
50.90166667,4.494166667,47.79333333,13.00444444,BRU,SZG
50.90166667,4.494166667,28.04277778,-16.57055556,BRU,TFS
50.90166667,4.494166667,43.63,1.363611111,BRU,TLS
50.90166667,4.494166667,45.20111111,7.648055556,BRU,TRN
50.90166667,4.494166667,52.56027778,13.29555556,BRU,TXL
50.90166667,4.494166667,45.50666667,12.35,BRU,VCE
50.90166667,4.494166667,48.11083333,16.55805556,BRU,VIE
50.90166667,4.494166667,54.63333333,25.28333333,BRU,VNO
50.90166667,4.494166667,52.16666667,20.96666667,BRU,WAW
50.90166667,4.494166667,45.74305556,16.06888889,BRU,ZAG
50.90166667,4.494166667,47.45833333,8.551666667,BRU,ZRH
47.59,7.53,50.90166667,4.494166667,BSL,BRU
47.59,7.53,51.28111111,6.752777778,BSL,DUS
47.59,7.53,50.03194444,8.577777778,BSL,FRA
47.59,7.53,48.1325,11.69916667,BSL,MUC
47.59,7.53,52.38,13.5225,BSL,SXF
47.59,7.53,48.11083333,16.55805556,BSL,VIE
47.43694444,19.25555556,50.86583333,7.141944444,BUD,CGN
47.43694444,19.25555556,51.28111111,6.752777778,BUD,DUS
47.43694444,19.25555556,50.03194444,8.577777778,BUD,FRA
47.43694444,19.25555556,53.63388889,9.995,BUD,HAM
47.43694444,19.25555556,48.1325,11.69916667,BUD,MUC
47.43694444,19.25555556,48.68833333,9.21,BUD,STR
47.43694444,19.25555556,52.38,13.5225,BUD,SXF
47.43694444,19.25555556,48.11083333,16.55805556,BUD,VIE
47.43694444,19.25555556,47.45833333,8.551666667,BUD,ZRH
53.09666667,17.97861111,50.03194444,8.577777778,BZG,FRA
49.00972222,2.547777778,51.28111111,6.752777778,CDG,DUS
49.00972222,2.547777778,50.03194444,8.577777778,CDG,FRA
49.00972222,2.547777778,53.63388889,9.995,CDG,HAM
49.00972222,2.547777778,48.1325,11.69916667,CDG,MUC
49.00972222,2.547777778,47.79333333,13.00444444,CDG,SZG
49.00972222,2.547777778,52.56027778,13.29555556,CDG,TXL
49.00972222,2.547777778,48.11083333,16.55805556,CDG,VIE
49.00972222,2.547777778,47.45833333,8.551666667,CDG,ZRH
39.60138889,19.91027778,37.89583333,23.72888889,CFU,ATH
39.60138889,19.91027778,38.11861111,20.49972222,CFU,EFL
39.60138889,19.91027778,37.75111111,20.88277778,CFU,ZTH
50.86583333,7.141944444,41.30277778,2.094444444,CGN,BCN
50.86583333,7.141944444,44.53055556,11.2925,CGN,BLQ
50.86583333,7.141944444,46.91527778,7.499166667,CGN,BRN
50.86583333,7.141944444,47.43694444,19.25555556,CGN,BUD
50.86583333,7.141944444,51.13277778,13.76722222,CGN,DRS
50.86583333,7.141944444,53.4325,-6.252222222,CGN,DUB
50.86583333,7.141944444,41.80027778,12.23888889,CGN,FCO
50.86583333,7.141944444,50.03194444,8.577777778,CGN,FRA
50.86583333,7.141944444,53.63388889,9.995,CGN,HAM
50.86583333,7.141944444,46.64305556,14.34166667,CGN,KLU
50.86583333,7.141944444,51.42388889,12.23638889,CGN,LEJ
50.86583333,7.141944444,50.63722222,5.443888889,CGN,LGG
50.86583333,7.141944444,51.4775,-0.461388889,CGN,LHR
50.86583333,7.141944444,38.78138889,-9.135833333,CGN,LIS
50.86583333,7.141944444,53.35333333,-2.276666667,CGN,MAN
50.86583333,7.141944444,48.1325,11.69916667,CGN,MUC
50.86583333,7.141944444,45.63277778,8.732222222,CGN,MXP
50.86583333,7.141944444,50.10083333,14.26,CGN,PRG
50.86583333,7.141944444,51.88277778,0.233888889,CGN,STN
50.86583333,7.141944444,47.79333333,13.00444444,CGN,SZG
50.86583333,7.141944444,52.56027778,13.29555556,CGN,TXL
50.86583333,7.141944444,45.50666667,12.35,CGN,VCE
50.86583333,7.141944444,48.11083333,16.55805556,CGN,VIE
50.86583333,7.141944444,45.74305556,16.06888889,CGN,ZAG
50.86583333,7.141944444,47.45833333,8.551666667,CGN,ZRH
35.5325,24.14833333,37.89583333,23.72888889,CHQ,ATH
46.785,23.68611111,48.1325,11.69916667,CLJ,MUC
42.52777778,8.791666667,43.43555556,5.216388889,CLY,MRS
42.52777778,8.791666667,43.66388889,7.2175,CLY,NCE
55.61805556,12.65583333,57.09305556,9.85,CPH,AAL
55.61805556,12.65583333,56.30388889,10.62,CPH,AAR
55.61805556,12.65583333,50.90166667,4.494166667,CPH,BRU
55.61805556,12.65583333,51.28111111,6.752777778,CPH,DUS
55.61805556,12.65583333,50.03194444,8.577777778,CPH,FRA
55.61805556,12.65583333,57.66305556,12.28277778,CPH,GOT
55.61805556,12.65583333,52.46166667,9.684722222,CPH,HAJ
55.61805556,12.65583333,53.63388889,9.995,CPH,HAM
55.61805556,12.65583333,55.54833333,13.35944444,CPH,MMX
55.61805556,12.65583333,48.1325,11.69916667,CPH,MUC
55.61805556,12.65583333,48.68833333,9.21,CPH,STR
55.61805556,12.65583333,52.56027778,13.29555556,CPH,TXL
55.61805556,12.65583333,48.11083333,16.55805556,CPH,VIE
55.61805556,12.65583333,47.45833333,8.551666667,CPH,ZRH
37.40277778,14.92305556,35.49611111,12.615,CTA,LMP
37.40277778,14.92305556,35.8575,14.4775,CTA,MLA
51.39666667,-3.343333333,54.61805556,-5.8725,CWL,BHD
51.39666667,-3.343333333,55.95,-3.3725,CWL,EDI
51.39666667,-3.343333333,56.06666667,-6.216666667,CWL,GLA
51.39666667,-3.343333333,49.20805556,-2.195555556,CWL,JER
51.39666667,-3.343333333,51.50527778,0.055277778,CWL,LCY
51.39666667,-3.343333333,51.4775,-0.461388889,CWL,LHR
51.39666667,-3.343333333,55.03777778,-1.686666667,CWL,NCL
42.5625,18.26888889,45.74305556,16.06888889,DBV,ZAG
51.13277778,13.76722222,50.86583333,7.141944444,DRS,CGN
51.13277778,13.76722222,51.28111111,6.752777778,DRS,DUS
51.13277778,13.76722222,50.03194444,8.577777778,DRS,FRA
51.13277778,13.76722222,53.63388889,9.995,DRS,HAM
51.13277778,13.76722222,48.1325,11.69916667,DRS,MUC
51.13277778,13.76722222,48.68833333,9.21,DRS,STR
51.13277778,13.76722222,47.45833333,8.551666667,DRS,ZRH
51.51833333,7.612222222,50.03194444,8.577777778,DTM,FRA
51.51833333,7.612222222,50.63722222,5.443888889,DTM,LGG
51.51833333,7.612222222,48.1325,11.69916667,DTM,MUC
53.4325,-6.252222222,50.86583333,7.141944444,DUB,CGN
53.4325,-6.252222222,51.39666667,-3.343333333,DUB,CWL
53.4325,-6.252222222,50.03194444,8.577777778,DUB,FRA
53.4325,-6.252222222,48.1325,11.69916667,DUB,MUC
53.4325,-6.252222222,47.45833333,8.551666667,DUB,ZRH
51.28111111,6.752777778,59.66194444,17.93388889,DUS,ARN
51.28111111,6.752777778,41.30277778,2.094444444,DUS,BCN
51.28111111,6.752777778,52.45388889,-1.746388889,DUS,BHX
51.28111111,6.752777778,43.30277778,-2.921666667,DUS,BIO
51.28111111,6.752777778,47.59,7.53,DUS,BSL
51.28111111,6.752777778,47.43694444,19.25555556,DUS,BUD
51.28111111,6.752777778,49.00972222,2.547777778,DUS,CDG
51.28111111,6.752777778,55.61805556,12.65583333,DUS,CPH
51.28111111,6.752777778,51.13277778,13.76722222,DUS,DRS
51.28111111,6.752777778,41.80027778,12.23888889,DUS,FCO
51.28111111,6.752777778,50.03194444,8.577777778,DUS,FRA
51.28111111,6.752777778,56.06666667,-6.216666667,DUS,GLA
51.28111111,6.752777778,57.66305556,12.28277778,DUS,GOT
51.28111111,6.752777778,46.99333333,15.44,DUS,GRZ
51.28111111,6.752777778,46.23944444,6.110277778,DUS,GVA
51.28111111,6.752777778,53.63388889,9.995,DUS,HAM
51.28111111,6.752777778,50.47416667,19.08,DUS,KTW
51.28111111,6.752777778,51.42388889,12.23638889,DUS,LEJ
51.28111111,6.752777778,50.63722222,5.443888889,DUS,LGG
51.28111111,6.752777778,51.4775,-0.461388889,DUS,LHR
51.28111111,6.752777778,48.23444444,14.19361111,DUS,LNZ
51.28111111,6.752777778,45.72555556,5.081666667,DUS,LYS
51.28111111,6.752777778,53.35333333,-2.276666667,DUS,MAN
51.28111111,6.752777778,43.43555556,5.216388889,DUS,MRS
51.28111111,6.752777778,48.1325,11.69916667,DUS,MUC
51.28111111,6.752777778,45.63277778,8.732222222,DUS,MXP
51.28111111,6.752777778,55.03777778,-1.686666667,DUS,NCL
51.28111111,6.752777778,49.49972222,11.08166667,DUS,NUE
51.28111111,6.752777778,60.20277778,11.08555556,DUS,OSL
51.28111111,6.752777778,44.57222222,26.10222222,DUS,OTP
51.28111111,6.752777778,50.10083333,14.26,DUS,PRG
51.28111111,6.752777778,28.6225,-17.75361111,DUS,SPC
51.28111111,6.752777778,47.79333333,13.00444444,DUS,SZG
51.28111111,6.752777778,52.56027778,13.29555556,DUS,TXL
51.28111111,6.752777778,45.50666667,12.35,DUS,VCE
51.28111111,6.752777778,48.11083333,16.55805556,DUS,VIE
51.28111111,6.752777778,39.48861111,-0.481944444,DUS,VLC
51.28111111,6.752777778,52.16666667,20.96666667,DUS,WAW
51.28111111,6.752777778,51.1,16.88333333,DUS,WRO
51.28111111,6.752777778,47.45833333,8.551666667,DUS,ZRH
55.52638889,8.5525,55.74027778,9.152777778,EBJ,BLL
55.52638889,8.5525,58.87972222,5.634722222,EBJ,SVG
55.95,-3.3725,54.61805556,-5.8725,EDI,BHD
55.95,-3.3725,50.03194444,8.577777778,EDI,FRA
55.95,-3.3725,53.35333333,-2.276666667,EDI,MAN
55.95,-3.3725,53.91,-8.817777778,EDI,NOC
55.95,-3.3725,52.70055556,-8.918611111,EDI,SNN
38.11861111,20.49972222,37.89583333,23.72888889,EFL,ATH
38.11861111,20.49972222,37.75111111,20.88277778,EFL,ZTH
52.83111111,-1.328055556,54.61805556,-5.8725,EMA,BHD
52.83111111,-1.328055556,55.95,-3.3725,EMA,EDI
52.83111111,-1.328055556,56.06666667,-6.216666667,EMA,GLA
52.83111111,-1.328055556,49.20805556,-2.195555556,EMA,JER
52.83111111,-1.328055556,28.04277778,-16.57055556,EMA,TFS
68.49111111,16.67972222,67.26916667,14.37222222,EVE,BOO
68.49111111,16.67972222,60.20277778,11.08555556,EVE,OSL
68.49111111,16.67972222,69.68138889,18.92166667,EVE,TOS
68.49111111,16.67972222,63.45972222,10.93694444,EVE,TRD
37.01444444,-7.965833333,38.78138889,-9.135833333,FAO,LIS
41.80027778,12.23888889,50.86583333,7.141944444,FCO,CGN
41.80027778,12.23888889,51.28111111,6.752777778,FCO,DUS
41.80027778,12.23888889,50.03194444,8.577777778,FCO,FRA
41.80027778,12.23888889,44.41305556,8.837777778,FCO,GOA
41.80027778,12.23888889,46.23944444,6.110277778,FCO,GVA
41.80027778,12.23888889,53.63388889,9.995,FCO,HAM
41.80027778,12.23888889,48.1325,11.69916667,FCO,MUC
41.80027778,12.23888889,43.68055556,10.39277778,FCO,PSA
41.80027778,12.23888889,38.07527778,15.65083333,FCO,REG
41.80027778,12.23888889,48.11083333,16.55805556,FCO,VIE
41.80027778,12.23888889,47.45833333,8.551666667,FCO,ZRH
47.66722222,9.5125,50.03194444,8.577777778,FDH,FRA
47.66722222,9.5125,28.04277778,-16.57055556,FDH,TFS
48.77916667,8.080277778,50.03194444,8.577777778,FKB,FRA
48.77916667,8.080277778,53.63388889,9.995,FKB,HAM
43.81027778,11.19777778,50.03194444,8.577777778,FLR,FRA
43.81027778,11.19777778,46.23944444,6.110277778,FLR,GVA
43.81027778,11.19777778,48.1325,11.69916667,FLR,MUC
43.81027778,11.19777778,47.45833333,8.551666667,FLR,ZRH
52.13527778,7.686111111,50.03194444,8.577777778,FMO,FRA
52.13527778,7.686111111,48.1325,11.69916667,FMO,MUC
52.13527778,7.686111111,28.04277778,-16.57055556,FMO,TFS
32.69777778,-16.77444444,41.23805556,-8.674722222,FNC,OPO
50.03194444,8.577777778,57.20194444,-2.197777778,FRA,ABZ
50.03194444,8.577777778,52.30833333,4.768055556,FRA,AMS
50.03194444,8.577777778,59.66194444,17.93388889,FRA,ARN
50.03194444,8.577777778,37.89583333,23.72888889,FRA,ATH
50.03194444,8.577777778,41.30277778,2.094444444,FRA,BCN
50.03194444,8.577777778,52.45388889,-1.746388889,FRA,BHX
50.03194444,8.577777778,43.30277778,-2.921666667,FRA,BIO
50.03194444,8.577777778,55.74027778,9.152777778,FRA,BLL
50.03194444,8.577777778,44.53055556,11.2925,FRA,BLQ
50.03194444,8.577777778,53.04666667,8.79,FRA,BRE
50.03194444,8.577777778,51.38277778,-2.719166667,FRA,BRS
50.03194444,8.577777778,50.90166667,4.494166667,FRA,BRU
50.03194444,8.577777778,47.59,7.53,FRA,BSL
50.03194444,8.577777778,47.43694444,19.25555556,FRA,BUD
50.03194444,8.577777778,53.09666667,17.97861111,FRA,BZG
50.03194444,8.577777778,49.00972222,2.547777778,FRA,CDG
50.03194444,8.577777778,50.86583333,7.141944444,FRA,CGN
50.03194444,8.577777778,55.61805556,12.65583333,FRA,CPH
50.03194444,8.577777778,51.13277778,13.76722222,FRA,DRS
50.03194444,8.577777778,51.51833333,7.612222222,FRA,DTM
50.03194444,8.577777778,53.4325,-6.252222222,FRA,DUB
50.03194444,8.577777778,51.28111111,6.752777778,FRA,DUS
50.03194444,8.577777778,55.95,-3.3725,FRA,EDI
50.03194444,8.577777778,41.80027778,12.23888889,FRA,FCO
50.03194444,8.577777778,47.66722222,9.5125,FRA,FDH
50.03194444,8.577777778,48.77916667,8.080277778,FRA,FKB
50.03194444,8.577777778,43.81027778,11.19777778,FRA,FLR
50.03194444,8.577777778,52.13527778,7.686111111,FRA,FMO
50.03194444,8.577777778,54.3775,18.46611111,FRA,GDN
50.03194444,8.577777778,57.66305556,12.28277778,FRA,GOT
50.03194444,8.577777778,46.99333333,15.44,FRA,GRZ
50.03194444,8.577777778,46.23944444,6.110277778,FRA,GVA
50.03194444,8.577777778,52.46166667,9.684722222,FRA,HAJ
50.03194444,8.577777778,53.63388889,9.995,FRA,HAM
50.03194444,8.577777778,60.32555556,24.97166667,FRA,HEL
50.03194444,8.577777778,47.26083333,11.34722222,FRA,INN
50.03194444,8.577777778,57.75777778,14.07027778,FRA,JKG
50.03194444,8.577777778,50.07777778,19.78472222,FRA,KRK
50.03194444,8.577777778,59.36166667,13.46944444,FRA,KSD
50.03194444,8.577777778,50.47416667,19.08,FRA,KTW
50.03194444,8.577777778,51.50527778,0.055277778,FRA,LCY
50.03194444,8.577777778,51.42388889,12.23638889,FRA,LEJ
50.03194444,8.577777778,51.4775,-0.461388889,FRA,LHR
50.03194444,8.577777778,45.44166667,9.277777778,FRA,LIN
50.03194444,8.577777778,38.78138889,-9.135833333,FRA,LIS
50.03194444,8.577777778,46.22361111,14.4575,FRA,LJU
50.03194444,8.577777778,48.23444444,14.19361111,FRA,LNZ
50.03194444,8.577777778,49.62777778,6.206666667,FRA,LUX
50.03194444,8.577777778,45.72555556,5.081666667,FRA,LYS
50.03194444,8.577777778,40.47361111,-3.561111111,FRA,MAD
50.03194444,8.577777778,53.35333333,-2.276666667,FRA,MAN
50.03194444,8.577777778,35.8575,14.4775,FRA,MLA
50.03194444,8.577777778,43.43555556,5.216388889,FRA,MRS
50.03194444,8.577777778,48.1325,11.69916667,FRA,MUC
50.03194444,8.577777778,45.63277778,8.732222222,FRA,MXP
50.03194444,8.577777778,40.88611111,14.29166667,FRA,NAP
50.03194444,8.577777778,43.66388889,7.2175,FRA,NCE
50.03194444,8.577777778,49.49972222,11.08166667,FRA,NUE
50.03194444,8.577777778,41.23805556,-8.674722222,FRA,OPO
50.03194444,8.577777778,60.20277778,11.08555556,FRA,OSL
50.03194444,8.577777778,44.57222222,26.10222222,FRA,OTP
50.03194444,8.577777778,52.42111111,16.82638889,FRA,POZ
50.03194444,8.577777778,50.10083333,14.26,FRA,PRG
50.03194444,8.577777778,51.31666667,6.833333333,FRA,QDU
50.03194444,8.577777778,56.92361111,23.97111111,FRA,RIX
50.03194444,8.577777778,40.52083333,22.97222222,FRA,SKG
50.03194444,8.577777778,42.69527778,23.40611111,FRA,SOF
50.03194444,8.577777778,43.53833333,16.29888889,FRA,SPU
50.03194444,8.577777778,48.68833333,9.21,FRA,STR
50.03194444,8.577777778,48.53694444,7.6275,FRA,SXB
50.03194444,8.577777778,47.79333333,13.00444444,FRA,SZG
50.03194444,8.577777778,59.41333333,24.83277778,FRA,TLL
50.03194444,8.577777778,43.63,1.363611111,FRA,TLS
50.03194444,8.577777778,45.20111111,7.648055556,FRA,TRN
50.03194444,8.577777778,52.56027778,13.29555556,FRA,TXL
50.03194444,8.577777778,45.50666667,12.35,FRA,VCE
50.03194444,8.577777778,48.11083333,16.55805556,FRA,VIE
50.03194444,8.577777778,39.48861111,-0.481944444,FRA,VLC
50.03194444,8.577777778,54.63333333,25.28333333,FRA,VNO
50.03194444,8.577777778,45.46666667,10.93333333,FRA,VRN
50.03194444,8.577777778,52.16666667,20.96666667,FRA,WAW
50.03194444,8.577777778,51.1,16.88333333,FRA,WRO
50.03194444,8.577777778,48.54055556,7.632222222,FRA,XER
50.03194444,8.577777778,45.74305556,16.06888889,FRA,ZAG
50.03194444,8.577777778,47.45833333,8.551666667,FRA,ZRH
41.50055556,9.097777778,43.43555556,5.216388889,FSC,MRS
28.45277778,-13.86388889,41.30277778,2.094444444,FUE,BCN
28.45277778,-13.86388889,50.86583333,7.141944444,FUE,CGN
28.45277778,-13.86388889,51.28111111,6.752777778,FUE,DUS
28.45277778,-13.86388889,50.03194444,8.577777778,FUE,FRA
28.45277778,-13.86388889,52.46166667,9.684722222,FUE,HAJ
28.45277778,-13.86388889,51.42388889,12.23638889,FUE,LEJ
28.45277778,-13.86388889,27.93194444,-15.38666667,FUE,LPA
28.45277778,-13.86388889,40.47361111,-3.561111111,FUE,MAD
28.45277778,-13.86388889,45.63277778,8.732222222,FUE,MXP
28.45277778,-13.86388889,49.49972222,11.08166667,FUE,NUE
28.45277778,-13.86388889,48.68833333,9.21,FUE,STR
28.45277778,-13.86388889,48.11083333,16.55805556,FUE,VIE
54.3775,18.46611111,50.03194444,8.577777778,GDN,FRA
54.3775,18.46611111,48.1325,11.69916667,GDN,MUC
56.06666667,-6.216666667,36.67166667,-4.498055556,GLA,AGP
56.06666667,-6.216666667,54.61805556,-5.8725,GLA,BHD
56.06666667,-6.216666667,51.39666667,-3.343333333,GLA,CWL
56.06666667,-6.216666667,51.28111111,6.752777778,GLA,DUS
56.06666667,-6.216666667,52.83111111,-1.328055556,GLA,EMA
56.06666667,-6.216666667,53.35333333,-2.276666667,GLA,MAN
56.06666667,-6.216666667,51.88277778,0.233888889,GLA,STN
56.06666667,-6.216666667,52.38,13.5225,GLA,SXF
56.06666667,-6.216666667,28.04277778,-16.57055556,GLA,TFS
44.41305556,8.837777778,48.1325,11.69916667,GOA,MUC
57.66305556,12.28277778,51.28111111,6.752777778,GOT,DUS
57.66305556,12.28277778,50.03194444,8.577777778,GOT,FRA
57.66305556,12.28277778,48.1325,11.69916667,GOT,MUC
57.66305556,12.28277778,47.45833333,8.551666667,GOT,ZRH
46.99333333,15.44,51.28111111,6.752777778,GRZ,DUS
46.99333333,15.44,50.03194444,8.577777778,GRZ,FRA
46.99333333,15.44,48.1325,11.69916667,GRZ,MUC
46.99333333,15.44,48.68833333,9.21,GRZ,STR
46.99333333,15.44,48.11083333,16.55805556,GRZ,VIE
46.99333333,15.44,47.45833333,8.551666667,GRZ,ZRH
46.23944444,6.110277778,37.89583333,23.72888889,GVA,ATH
46.23944444,6.110277778,41.30277778,2.094444444,GVA,BCN
46.23944444,6.110277778,50.90166667,4.494166667,GVA,BRU
46.23944444,6.110277778,51.28111111,6.752777778,GVA,DUS
46.23944444,6.110277778,41.80027778,12.23888889,GVA,FCO
46.23944444,6.110277778,43.81027778,11.19777778,GVA,FLR
46.23944444,6.110277778,50.03194444,8.577777778,GVA,FRA
46.23944444,6.110277778,53.63388889,9.995,GVA,HAM
46.23944444,6.110277778,51.50527778,0.055277778,GVA,LCY
46.23944444,6.110277778,51.4775,-0.461388889,GVA,LHR
46.23944444,6.110277778,38.78138889,-9.135833333,GVA,LIS
46.23944444,6.110277778,40.47361111,-3.561111111,GVA,MAD
46.23944444,6.110277778,48.1325,11.69916667,GVA,MUC
46.23944444,6.110277778,43.66388889,7.2175,GVA,NCE
46.23944444,6.110277778,41.23805556,-8.674722222,GVA,OPO
46.23944444,6.110277778,50.10083333,14.26,GVA,PRG
46.23944444,6.110277778,51.88277778,0.233888889,GVA,STN
46.23944444,6.110277778,52.38,13.5225,GVA,SXF
46.23944444,6.110277778,48.11083333,16.55805556,GVA,VIE
46.23944444,6.110277778,39.48861111,-0.481944444,GVA,VLC
46.23944444,6.110277778,47.45833333,8.551666667,GVA,ZRH
52.46166667,9.684722222,41.30277778,2.094444444,HAJ,BCN
52.46166667,9.684722222,50.90166667,4.494166667,HAJ,BRU
52.46166667,9.684722222,55.61805556,12.65583333,HAJ,CPH
52.46166667,9.684722222,50.03194444,8.577777778,HAJ,FRA
52.46166667,9.684722222,48.1325,11.69916667,HAJ,MUC
52.46166667,9.684722222,51.88277778,0.233888889,HAJ,STN
52.46166667,9.684722222,48.68833333,9.21,HAJ,STR
52.46166667,9.684722222,48.11083333,16.55805556,HAJ,VIE
52.46166667,9.684722222,47.45833333,8.551666667,HAJ,ZRH
53.63388889,9.995,52.30833333,4.768055556,HAM,AMS
53.63388889,9.995,59.66194444,17.93388889,HAM,ARN
53.63388889,9.995,41.30277778,2.094444444,HAM,BCN
53.63388889,9.995,52.45388889,-1.746388889,HAM,BHX
53.63388889,9.995,46.91527778,7.499166667,HAM,BRN
53.63388889,9.995,50.90166667,4.494166667,HAM,BRU
53.63388889,9.995,47.43694444,19.25555556,HAM,BUD
53.63388889,9.995,49.00972222,2.547777778,HAM,CDG
53.63388889,9.995,50.86583333,7.141944444,HAM,CGN
53.63388889,9.995,55.61805556,12.65583333,HAM,CPH
53.63388889,9.995,51.13277778,13.76722222,HAM,DRS
53.63388889,9.995,51.28111111,6.752777778,HAM,DUS
53.63388889,9.995,41.80027778,12.23888889,HAM,FCO
53.63388889,9.995,48.77916667,8.080277778,HAM,FKB
53.63388889,9.995,50.03194444,8.577777778,HAM,FRA
53.63388889,9.995,46.23944444,6.110277778,HAM,GVA
53.63388889,9.995,51.4775,-0.461388889,HAM,LHR
53.63388889,9.995,38.78138889,-9.135833333,HAM,LIS
53.63388889,9.995,49.62777778,6.206666667,HAM,LUX
53.63388889,9.995,53.35333333,-2.276666667,HAM,MAN
53.63388889,9.995,48.1325,11.69916667,HAM,MUC
53.63388889,9.995,45.63277778,8.732222222,HAM,MXP
53.63388889,9.995,49.49972222,11.08166667,HAM,NUE
53.63388889,9.995,60.20277778,11.08555556,HAM,OSL
53.63388889,9.995,50.10083333,14.26,HAM,PRG
53.63388889,9.995,49.21444444,7.109444444,HAM,SCN
53.63388889,9.995,48.68833333,9.21,HAM,STR
53.63388889,9.995,43.63,1.363611111,HAM,TLS
53.63388889,9.995,48.11083333,16.55805556,HAM,VIE
53.63388889,9.995,47.45833333,8.551666667,HAM,ZRH
59.34666667,5.209166667,60.20277778,11.08555556,HAU,OSL
60.32555556,24.97166667,59.66194444,17.93388889,HEL,ARN
60.32555556,24.97166667,50.03194444,8.577777778,HEL,FRA
60.32555556,24.97166667,67.70111111,24.84694444,HEL,KTT
60.32555556,24.97166667,63.00722222,27.79777778,HEL,KUO
60.32555556,24.97166667,48.1325,11.69916667,HEL,MUC
60.32555556,24.97166667,64.92916667,25.35833333,HEL,OUL
60.32555556,24.97166667,60.51472222,22.26555556,HEL,TKU
60.32555556,24.97166667,59.41333333,24.83277778,HEL,TLL
60.32555556,24.97166667,61.46388889,23.73888889,HEL,TMP
60.32555556,24.97166667,44.92,4.970277778,HEL,VAA
35.34027778,25.18027778,36.38472222,28.11833333,HER,RHO
62.18166667,6.078888889,60.29361111,5.219444444,HOV,BGO
62.18166667,6.078888889,60.20277778,11.08555556,HOV,OSL
47.17861111,27.62055556,44.57222222,26.10222222,IAS,OTP
47.17861111,27.62055556,48.11083333,16.55805556,IAS,VIE
38.87361111,1.372777778,52.30833333,4.768055556,IBZ,AMS
38.87361111,1.372777778,41.30277778,2.094444444,IBZ,BCN
38.87361111,1.372777778,51.50527778,0.055277778,IBZ,LCY
38.87361111,1.372777778,45.44166667,9.277777778,IBZ,LIN
38.87361111,1.372777778,40.47361111,-3.561111111,IBZ,MAD
38.87361111,1.372777778,39.55361111,2.727777778,IBZ,PMI
38.87361111,1.372777778,39.48861111,-0.481944444,IBZ,VLC
47.26083333,11.34722222,50.03194444,8.577777778,INN,FRA
47.26083333,11.34722222,48.1325,11.69916667,INN,MUC
47.26083333,11.34722222,48.11083333,16.55805556,INN,VIE
39.69638889,20.8225,37.89583333,23.72888889,IOA,ATH
49.20805556,-2.195555556,51.39666667,-3.343333333,JER,CWL
49.20805556,-2.195555556,52.83111111,-1.328055556,JER,EMA
57.75777778,14.07027778,50.03194444,8.577777778,JKG,FRA
57.75777778,14.07027778,59.36166667,13.46944444,JKG,KSD
38.345,26.14166667,37.89583333,23.72888889,JKH,ATH
38.345,26.14166667,40.52083333,22.97222222,JKH,SKG
37.43611111,25.34444444,37.89583333,23.72888889,JMK,ATH
39.18055556,23.50555556,37.89583333,23.72888889,JSI,ATH
36.40638889,25.47722222,37.89583333,23.72888889,JTR,ATH
36.79305556,27.09527778,37.89583333,23.72888889,KGS,ATH
36.79305556,27.09527778,40.52083333,22.97222222,KGS,SKG
69.72277778,29.89333333,69.97611111,23.38055556,KKN,ALF
69.72277778,29.89333333,60.20277778,11.08555556,KKN,OSL
69.72277778,29.89333333,69.68138889,18.92166667,KKN,TOS
56.685,16.28722222,59.66194444,17.93388889,KLR,ARN
46.64305556,14.34166667,50.86583333,7.141944444,KLU,CGN
46.64305556,14.34166667,48.11083333,16.55805556,KLU,VIE
50.07777778,19.78472222,50.03194444,8.577777778,KRK,FRA
50.07777778,19.78472222,48.1325,11.69916667,KRK,MUC
50.07777778,19.78472222,48.11083333,16.55805556,KRK,VIE
50.07777778,19.78472222,47.45833333,8.551666667,KRK,ZRH
67.82222222,20.34583333,59.66194444,17.93388889,KRN,ARN
58.20305556,8.084166667,60.29361111,5.219444444,KRS,BGO
58.20305556,8.084166667,58.87972222,5.634722222,KRS,SVG
58.20305556,8.084166667,63.45972222,10.93694444,KRS,TRD
48.66305556,21.24111111,50.10083333,14.26,KSC,PRG
48.66305556,21.24111111,48.11083333,16.55805556,KSC,VIE
59.36166667,13.46944444,59.66194444,17.93388889,KSD,ARN
59.36166667,13.46944444,50.03194444,8.577777778,KSD,FRA
59.36166667,13.46944444,57.75777778,14.07027778,KSD,JKG
63.11472222,7.844444444,60.29361111,5.219444444,KSU,BGO
63.11472222,7.844444444,62.74861111,7.271111111,KSU,MOL
63.11472222,7.844444444,60.20277778,11.08555556,KSU,OSL
63.11472222,7.844444444,58.87972222,5.634722222,KSU,SVG
50.47416667,19.08,51.28111111,6.752777778,KTW,DUS
50.47416667,19.08,50.03194444,8.577777778,KTW,FRA
63.00722222,27.79777778,60.32555556,24.97166667,KUO,HEL
40.97277778,24.34194444,37.89583333,23.72888889,KVA,ATH
34.87777778,33.63055556,37.89583333,23.72888889,LCA,ATH
34.87777778,33.63055556,48.11083333,16.55805556,LCA,VIE
51.72194444,19.39805556,48.1325,11.69916667,LCJ,MUC
51.50527778,0.055277778,51.39666667,-3.343333333,LCY,CWL
51.50527778,0.055277778,50.03194444,8.577777778,LCY,FRA
51.50527778,0.055277778,56.06666667,-6.216666667,LCY,GLA
51.50527778,0.055277778,46.23944444,6.110277778,LCY,GVA
51.50527778,0.055277778,38.87361111,1.372777778,LCY,IBZ
51.50527778,0.055277778,49.20805556,-2.195555556,LCY,JER
51.50527778,0.055277778,47.45833333,8.551666667,LCY,ZRH
51.42388889,12.23638889,28.94555556,-13.60527778,LEJ,ACE
51.42388889,12.23638889,50.86583333,7.141944444,LEJ,CGN
51.42388889,12.23638889,51.28111111,6.752777778,LEJ,DUS
51.42388889,12.23638889,50.03194444,8.577777778,LEJ,FRA
51.42388889,12.23638889,28.45277778,-13.86388889,LEJ,FUE
51.42388889,12.23638889,48.1325,11.69916667,LEJ,MUC
51.42388889,12.23638889,48.68833333,9.21,LEJ,STR
51.42388889,12.23638889,28.04277778,-16.57055556,LEJ,TFS
51.42388889,12.23638889,48.11083333,16.55805556,LEJ,VIE
51.42388889,12.23638889,47.45833333,8.551666667,LEJ,ZRH
50.63722222,5.443888889,50.90166667,4.494166667,LGG,BRU
50.63722222,5.443888889,50.86583333,7.141944444,LGG,CGN
50.63722222,5.443888889,51.51833333,7.612222222,LGG,DTM
50.63722222,5.443888889,51.28111111,6.752777778,LGG,DUS
50.63722222,5.443888889,51.31666667,6.833333333,LGG,QDU
51.4775,-0.461388889,50.90166667,4.494166667,LHR,BRU
51.4775,-0.461388889,50.86583333,7.141944444,LHR,CGN
51.4775,-0.461388889,51.39666667,-3.343333333,LHR,CWL
51.4775,-0.461388889,51.28111111,6.752777778,LHR,DUS
51.4775,-0.461388889,50.03194444,8.577777778,LHR,FRA
51.4775,-0.461388889,56.06666667,-6.216666667,LHR,GLA
51.4775,-0.461388889,46.23944444,6.110277778,LHR,GVA
51.4775,-0.461388889,53.63388889,9.995,LHR,HAM
51.4775,-0.461388889,48.1325,11.69916667,LHR,MUC
51.4775,-0.461388889,52.70055556,-8.918611111,LHR,SNN
51.4775,-0.461388889,51.88277778,0.233888889,LHR,STN
51.4775,-0.461388889,48.68833333,9.21,LHR,STR
51.4775,-0.461388889,52.56027778,13.29555556,LHR,TXL
51.4775,-0.461388889,48.11083333,16.55805556,LHR,VIE
51.4775,-0.461388889,47.45833333,8.551666667,LHR,ZRH
45.44166667,9.277777778,50.03194444,8.577777778,LIN,FRA
38.78138889,-9.135833333,36.67166667,-4.498055556,LIS,AGP
38.78138889,-9.135833333,50.86583333,7.141944444,LIS,CGN
38.78138889,-9.135833333,37.01444444,-7.965833333,LIS,FAO
38.78138889,-9.135833333,32.69777778,-16.77444444,LIS,FNC
38.78138889,-9.135833333,50.03194444,8.577777778,LIS,FRA
38.78138889,-9.135833333,46.23944444,6.110277778,LIS,GVA
38.78138889,-9.135833333,53.63388889,9.995,LIS,HAM
38.78138889,-9.135833333,40.47361111,-3.561111111,LIS,MAD
38.78138889,-9.135833333,48.1325,11.69916667,LIS,MUC
38.78138889,-9.135833333,41.23805556,-8.674722222,LIS,OPO
38.78138889,-9.135833333,48.68833333,9.21,LIS,STR
38.78138889,-9.135833333,42.22638889,-8.627777778,LIS,VGO
38.78138889,-9.135833333,47.45833333,8.551666667,LIS,ZRH
46.22361111,14.4575,50.03194444,8.577777778,LJU,FRA
46.22361111,14.4575,48.1325,11.69916667,LJU,MUC
65.54472222,22.12777778,27.93194444,-15.38666667,LLA,LPA
65.54472222,22.12777778,64.92916667,25.35833333,LLA,OUL
65.54472222,22.12777778,69.68138889,18.92166667,LLA,TOS
35.49611111,12.615,37.40277778,14.92305556,LMP,CTA
35.49611111,12.615,38.18111111,13.105,LMP,PMO
48.23444444,14.19361111,51.28111111,6.752777778,LNZ,DUS
48.23444444,14.19361111,50.03194444,8.577777778,LNZ,FRA
48.23444444,14.19361111,48.11083333,16.55805556,LNZ,VIE
27.93194444,-15.38666667,28.94555556,-13.60527778,LPA,ACE
27.93194444,-15.38666667,36.67166667,-4.498055556,LPA,AGP
27.93194444,-15.38666667,60.29361111,5.219444444,LPA,BGO
27.93194444,-15.38666667,67.26916667,14.37222222,LPA,BOO
27.93194444,-15.38666667,28.45277778,-13.86388889,LPA,FUE
27.93194444,-15.38666667,65.54472222,22.12777778,LPA,LLA
27.93194444,-15.38666667,40.47361111,-3.561111111,LPA,MAD
27.93194444,-15.38666667,28.6225,-17.75361111,LPA,SPC
27.93194444,-15.38666667,28.04277778,-16.57055556,LPA,TFS
27.93194444,-15.38666667,63.45972222,10.93694444,LPA,TRD
58.40611111,15.68055556,59.66194444,17.93388889,LPI,ARN
46.00416667,8.910555556,47.45833333,8.551666667,LUG,ZRH
49.62777778,6.206666667,50.03194444,8.577777778,LUX,FRA
49.62777778,6.206666667,53.63388889,9.995,LUX,HAM
49.62777778,6.206666667,48.1325,11.69916667,LUX,MUC
49.62777778,6.206666667,52.56027778,13.29555556,LUX,TXL
49.62777778,6.206666667,47.45833333,8.551666667,LUX,ZRH
78.24527778,15.46944444,60.20277778,11.08555556,LYR,OSL
78.24527778,15.46944444,69.68138889,18.92166667,LYR,TOS
45.72555556,5.081666667,51.28111111,6.752777778,LYS,DUS
45.72555556,5.081666667,50.03194444,8.577777778,LYS,FRA
45.72555556,5.081666667,48.1325,11.69916667,LYS,MUC
45.72555556,5.081666667,52.38,13.5225,LYS,SXF
45.72555556,5.081666667,48.11083333,16.55805556,LYS,VIE
45.72555556,5.081666667,47.45833333,8.551666667,LYS,ZRH
40.47361111,-3.561111111,36.67166667,-4.498055556,MAD,AGP
40.47361111,-3.561111111,43.30277778,-2.921666667,MAD,BIO
40.47361111,-3.561111111,50.03194444,8.577777778,MAD,FRA
40.47361111,-3.561111111,46.23944444,6.110277778,MAD,GVA
40.47361111,-3.561111111,38.87361111,1.372777778,MAD,IBZ
40.47361111,-3.561111111,27.93194444,-15.38666667,MAD,LPA
40.47361111,-3.561111111,40.47361111,-3.561111111,MAD,MAD
40.47361111,-3.561111111,39.86138889,4.215277778,MAD,MAH
40.47361111,-3.561111111,48.1325,11.69916667,MAD,MUC
40.47361111,-3.561111111,41.23805556,-8.674722222,MAD,OPO
40.47361111,-3.561111111,39.55361111,2.727777778,MAD,PMI
40.47361111,-3.561111111,28.6225,-17.75361111,MAD,SPC
40.47361111,-3.561111111,37.415,-5.8975,MAD,SVQ
40.47361111,-3.561111111,28.04277778,-16.57055556,MAD,TFS
40.47361111,-3.561111111,42.22638889,-8.627777778,MAD,VGO
40.47361111,-3.561111111,39.48861111,-0.481944444,MAD,VLC
40.47361111,-3.561111111,36.74527778,-6.058888889,MAD,XRY
40.47361111,-3.561111111,47.45833333,8.551666667,MAD,ZRH
39.86138889,4.215277778,41.30277778,2.094444444,MAH,BCN
39.86138889,4.215277778,40.47361111,-3.561111111,MAH,MAD
39.86138889,4.215277778,39.55361111,2.727777778,MAH,PMI
39.86138889,4.215277778,39.48861111,-0.481944444,MAH,VLC
53.35333333,-2.276666667,54.61805556,-5.8725,MAN,BHD
53.35333333,-2.276666667,50.86583333,7.141944444,MAN,CGN
53.35333333,-2.276666667,51.28111111,6.752777778,MAN,DUS
53.35333333,-2.276666667,50.03194444,8.577777778,MAN,FRA
53.35333333,-2.276666667,56.06666667,-6.216666667,MAN,GLA
53.35333333,-2.276666667,53.63388889,9.995,MAN,HAM
53.35333333,-2.276666667,49.20805556,-2.195555556,MAN,JER
53.35333333,-2.276666667,48.1325,11.69916667,MAN,MUC
53.35333333,-2.276666667,53.91,-8.817777778,MAN,NOC
53.35333333,-2.276666667,52.38,13.5225,MAN,SXF
53.35333333,-2.276666667,48.11083333,16.55805556,MAN,VIE
53.35333333,-2.276666667,47.45833333,8.551666667,MAN,ZRH
39.05611111,26.59944444,37.89583333,23.72888889,MJT,ATH
39.05611111,26.59944444,40.52083333,22.97222222,MJT,SKG
35.8575,14.4775,37.40277778,14.92305556,MLA,CTA
35.8575,14.4775,50.03194444,8.577777778,MLA,FRA
35.8575,14.4775,48.1325,11.69916667,MLA,MUC
55.54833333,13.35944444,59.66194444,17.93388889,MMX,ARN
55.54833333,13.35944444,55.61805556,12.65583333,MMX,CPH
62.74861111,7.271111111,60.29361111,5.219444444,MOL,BGO
62.74861111,7.271111111,60.20277778,11.08555556,MOL,OSL
62.74861111,7.271111111,63.45972222,10.93694444,MOL,TRD
43.58055556,3.970277778,44.82944444,-0.714444444,MPL,BOD
43.58055556,3.970277778,49.00972222,2.547777778,MPL,CDG
43.43555556,5.216388889,42.52777778,8.791666667,MRS,CLY
43.43555556,5.216388889,51.28111111,6.752777778,MRS,DUS
43.43555556,5.216388889,50.03194444,8.577777778,MRS,FRA
43.43555556,5.216388889,48.1325,11.69916667,MRS,MUC
48.1325,11.69916667,52.30833333,4.768055556,MUC,AMS
48.1325,11.69916667,43.6175,13.36416667,MUC,AOI
48.1325,11.69916667,59.66194444,17.93388889,MUC,ARN
48.1325,11.69916667,37.89583333,23.72888889,MUC,ATH
48.1325,11.69916667,41.30277778,2.094444444,MUC,BCN
48.1325,11.69916667,45.66833333,9.700277778,MUC,BGY
48.1325,11.69916667,52.45388889,-1.746388889,MUC,BHX
48.1325,11.69916667,43.30277778,-2.921666667,MUC,BIO
48.1325,11.69916667,44.53055556,11.2925,MUC,BLQ
48.1325,11.69916667,53.04666667,8.79,MUC,BRE
48.1325,11.69916667,41.14111111,16.78833333,MUC,BRI
48.1325,11.69916667,46.91527778,7.499166667,MUC,BRN
48.1325,11.69916667,51.38277778,-2.719166667,MUC,BRS
48.1325,11.69916667,50.90166667,4.494166667,MUC,BRU
48.1325,11.69916667,47.59,7.53,MUC,BSL
48.1325,11.69916667,47.43694444,19.25555556,MUC,BUD
48.1325,11.69916667,49.00972222,2.547777778,MUC,CDG
48.1325,11.69916667,50.86583333,7.141944444,MUC,CGN
48.1325,11.69916667,46.785,23.68611111,MUC,CLJ
48.1325,11.69916667,55.61805556,12.65583333,MUC,CPH
48.1325,11.69916667,51.13277778,13.76722222,MUC,DRS
48.1325,11.69916667,51.51833333,7.612222222,MUC,DTM
48.1325,11.69916667,53.4325,-6.252222222,MUC,DUB
48.1325,11.69916667,51.28111111,6.752777778,MUC,DUS
48.1325,11.69916667,41.80027778,12.23888889,MUC,FCO
48.1325,11.69916667,43.81027778,11.19777778,MUC,FLR
48.1325,11.69916667,52.13527778,7.686111111,MUC,FMO
48.1325,11.69916667,50.03194444,8.577777778,MUC,FRA
48.1325,11.69916667,54.3775,18.46611111,MUC,GDN
48.1325,11.69916667,44.41305556,8.837777778,MUC,GOA
48.1325,11.69916667,57.66305556,12.28277778,MUC,GOT
48.1325,11.69916667,46.99333333,15.44,MUC,GRZ
48.1325,11.69916667,46.23944444,6.110277778,MUC,GVA
48.1325,11.69916667,52.46166667,9.684722222,MUC,HAJ
48.1325,11.69916667,53.63388889,9.995,MUC,HAM
48.1325,11.69916667,60.32555556,24.97166667,MUC,HEL
48.1325,11.69916667,47.26083333,11.34722222,MUC,INN
48.1325,11.69916667,50.07777778,19.78472222,MUC,KRK
48.1325,11.69916667,51.72194444,19.39805556,MUC,LCJ
48.1325,11.69916667,51.42388889,12.23638889,MUC,LEJ
48.1325,11.69916667,51.4775,-0.461388889,MUC,LHR
48.1325,11.69916667,38.78138889,-9.135833333,MUC,LIS
48.1325,11.69916667,46.22361111,14.4575,MUC,LJU
48.1325,11.69916667,49.62777778,6.206666667,MUC,LUX
48.1325,11.69916667,45.72555556,5.081666667,MUC,LYS
48.1325,11.69916667,40.47361111,-3.561111111,MUC,MAD
48.1325,11.69916667,53.35333333,-2.276666667,MUC,MAN
48.1325,11.69916667,35.8575,14.4775,MUC,MLA
48.1325,11.69916667,43.43555556,5.216388889,MUC,MRS
48.1325,11.69916667,45.63277778,8.732222222,MUC,MXP
48.1325,11.69916667,40.88611111,14.29166667,MUC,NAP
48.1325,11.69916667,43.66388889,7.2175,MUC,NCE
48.1325,11.69916667,49.49972222,11.08166667,MUC,NUE
48.1325,11.69916667,41.23805556,-8.674722222,MUC,OPO
48.1325,11.69916667,60.20277778,11.08555556,MUC,OSL
48.1325,11.69916667,44.57222222,26.10222222,MUC,OTP
48.1325,11.69916667,51.61166667,8.615277778,MUC,PAD
48.1325,11.69916667,52.42111111,16.82638889,MUC,POZ
48.1325,11.69916667,50.10083333,14.26,MUC,PRG
48.1325,11.69916667,43.68055556,10.39277778,MUC,PSA
48.1325,11.69916667,53.91805556,12.27833333,MUC,RLG
48.1325,11.69916667,51.95833333,4.444444444,MUC,RTM
48.1325,11.69916667,50.11,22.01888889,MUC,RZE
48.1325,11.69916667,45.78555556,24.09138889,MUC,SBZ
48.1325,11.69916667,40.52083333,22.97222222,MUC,SKG
48.1325,11.69916667,42.69527778,23.40611111,MUC,SOF
48.1325,11.69916667,43.53833333,16.29888889,MUC,SPU
48.1325,11.69916667,48.68833333,9.21,MUC,STR
48.1325,11.69916667,47.79333333,13.00444444,MUC,SZG
48.1325,11.69916667,59.41333333,24.83277778,MUC,TLL
48.1325,11.69916667,43.63,1.363611111,MUC,TLS
48.1325,11.69916667,45.20111111,7.648055556,MUC,TRN
48.1325,11.69916667,45.82666667,13.47222222,MUC,TRS
48.1325,11.69916667,45.8275,13.47222222,MUC,TSR
48.1325,11.69916667,52.56027778,13.29555556,MUC,TXL
48.1325,11.69916667,45.50666667,12.35,MUC,VCE
48.1325,11.69916667,48.11083333,16.55805556,MUC,VIE
48.1325,11.69916667,45.46666667,10.93333333,MUC,VRN
48.1325,11.69916667,52.16666667,20.96666667,MUC,WAW
48.1325,11.69916667,51.1,16.88333333,MUC,WRO
48.1325,11.69916667,45.74305556,16.06888889,MUC,ZAG
48.1325,11.69916667,47.45833333,8.551666667,MUC,ZRH
45.63277778,8.732222222,50.86583333,7.141944444,MXP,CGN
45.63277778,8.732222222,51.28111111,6.752777778,MXP,DUS
45.63277778,8.732222222,50.03194444,8.577777778,MXP,FRA
45.63277778,8.732222222,28.45277778,-13.86388889,MXP,FUE
45.63277778,8.732222222,53.63388889,9.995,MXP,HAM
45.63277778,8.732222222,48.1325,11.69916667,MXP,MUC
45.63277778,8.732222222,48.68833333,9.21,MXP,STR
45.63277778,8.732222222,52.38,13.5225,MXP,SXF
45.63277778,8.732222222,48.11083333,16.55805556,MXP,VIE
45.63277778,8.732222222,47.45833333,8.551666667,MXP,ZRH
40.88611111,14.29166667,50.03194444,8.577777778,NAP,FRA
40.88611111,14.29166667,48.1325,11.69916667,NAP,MUC
40.88611111,14.29166667,52.38,13.5225,NAP,SXF
40.88611111,14.29166667,47.45833333,8.551666667,NAP,ZRH
43.66388889,7.2175,50.03194444,8.577777778,NCE,FRA
43.66388889,7.2175,46.23944444,6.110277778,NCE,GVA
43.66388889,7.2175,48.1325,11.69916667,NCE,MUC
43.66388889,7.2175,51.88277778,0.233888889,NCE,STN
43.66388889,7.2175,52.38,13.5225,NCE,SXF
43.66388889,7.2175,48.11083333,16.55805556,NCE,VIE
43.66388889,7.2175,47.45833333,8.551666667,NCE,ZRH
55.03777778,-1.686666667,51.39666667,-3.343333333,NCL,CWL
55.03777778,-1.686666667,51.28111111,6.752777778,NCL,DUS
55.03777778,-1.686666667,51.4775,-0.461388889,NCL,LHR
55.03777778,-1.686666667,58.87972222,5.634722222,NCL,SVG
55.03777778,-1.686666667,28.04277778,-16.57055556,NCL,TFS
53.91,-8.817777778,52.45388889,-1.746388889,NOC,BHX
53.91,-8.817777778,55.95,-3.3725,NOC,EDI
53.91,-8.817777778,53.35333333,-2.276666667,NOC,MAN
50.43944444,-4.994722222,53.4325,-6.252222222,NQY,DUB
50.43944444,-4.994722222,53.35333333,-2.276666667,NQY,MAN
49.49972222,11.08166667,28.94555556,-13.60527778,NUE,ACE
49.49972222,11.08166667,50.90166667,4.494166667,NUE,BRU
49.49972222,11.08166667,51.28111111,6.752777778,NUE,DUS
49.49972222,11.08166667,50.03194444,8.577777778,NUE,FRA
49.49972222,11.08166667,28.45277778,-13.86388889,NUE,FUE
49.49972222,11.08166667,53.63388889,9.995,NUE,HAM
49.49972222,11.08166667,48.1325,11.69916667,NUE,MUC
49.49972222,11.08166667,52.56027778,13.29555556,NUE,TXL
49.49972222,11.08166667,48.11083333,16.55805556,NUE,VIE
49.49972222,11.08166667,47.45833333,8.551666667,NUE,ZRH
40.89722222,9.522222222,41.80027778,12.23888889,OLB,FCO
41.23805556,-8.674722222,32.69777778,-16.77444444,OPO,FNC
41.23805556,-8.674722222,50.03194444,8.577777778,OPO,FRA
41.23805556,-8.674722222,46.23944444,6.110277778,OPO,GVA
41.23805556,-8.674722222,38.78138889,-9.135833333,OPO,LIS
41.23805556,-8.674722222,40.47361111,-3.561111111,OPO,MAD
41.23805556,-8.674722222,48.1325,11.69916667,OPO,MUC
63.19861111,14.49444444,59.66194444,17.93388889,OSD,ARN
63.19861111,14.49444444,63.79333333,20.28444444,OSD,UME
60.20277778,11.08555556,62.56111111,6.114166667,OSL,AES
60.20277778,11.08555556,69.97611111,23.38055556,OSL,ALF
60.20277778,11.08555556,59.66194444,17.93388889,OSL,ARN
60.20277778,11.08555556,67.26916667,14.37222222,OSL,BOO
60.20277778,11.08555556,51.28111111,6.752777778,OSL,DUS
60.20277778,11.08555556,68.49111111,16.67972222,OSL,EVE
60.20277778,11.08555556,50.03194444,8.577777778,OSL,FRA
60.20277778,11.08555556,53.63388889,9.995,OSL,HAM
60.20277778,11.08555556,59.34666667,5.209166667,OSL,HAU
60.20277778,11.08555556,62.18166667,6.078888889,OSL,HOV
60.20277778,11.08555556,69.72277778,29.89333333,OSL,KKN
60.20277778,11.08555556,63.11472222,7.844444444,OSL,KSU
60.20277778,11.08555556,78.24527778,15.46944444,OSL,LYR
60.20277778,11.08555556,62.74861111,7.271111111,OSL,MOL
60.20277778,11.08555556,48.1325,11.69916667,OSL,MUC
60.20277778,11.08555556,52.38,13.5225,OSL,SXF
60.20277778,11.08555556,69.68138889,18.92166667,OSL,TOS
60.20277778,11.08555556,52.56027778,13.29555556,OSL,TXL
60.20277778,11.08555556,48.11083333,16.55805556,OSL,VIE
60.20277778,11.08555556,47.45833333,8.551666667,OSL,ZRH
44.57222222,26.10222222,51.28111111,6.752777778,OTP,DUS
44.57222222,26.10222222,50.03194444,8.577777778,OTP,FRA
44.57222222,26.10222222,48.1325,11.69916667,OTP,MUC
44.57222222,26.10222222,48.11083333,16.55805556,OTP,VIE
44.57222222,26.10222222,47.45833333,8.551666667,OTP,ZRH
64.92916667,25.35833333,60.32555556,24.97166667,OUL,HEL
64.92916667,25.35833333,65.54472222,22.12777778,OUL,LLA
64.92916667,25.35833333,69.68138889,18.92166667,OUL,TOS
51.61166667,8.615277778,48.1325,11.69916667,PAD,MUC
39.55361111,2.727777778,36.67166667,-4.498055556,PMI,AGP
39.55361111,2.727777778,41.30277778,2.094444444,PMI,BCN
39.55361111,2.727777778,43.30277778,-2.921666667,PMI,BIO
39.55361111,2.727777778,38.87361111,1.372777778,PMI,IBZ
39.55361111,2.727777778,40.47361111,-3.561111111,PMI,MAD
39.55361111,2.727777778,39.86138889,4.215277778,PMI,MAH
39.55361111,2.727777778,42.895,-8.415,PMI,SCQ
39.55361111,2.727777778,51.88277778,0.233888889,PMI,STN
39.55361111,2.727777778,48.68833333,9.21,PMI,STR
39.55361111,2.727777778,37.415,-5.8975,PMI,SVQ
39.55361111,2.727777778,52.38,13.5225,PMI,SXF
39.55361111,2.727777778,39.48861111,-0.481944444,PMI,VLC
39.55361111,2.727777778,47.45833333,8.551666667,PMI,ZRH
38.18111111,13.105,41.14111111,16.78833333,PMO,BRI
38.18111111,13.105,35.49611111,12.615,PMO,LMP
38.18111111,13.105,36.81361111,11.96611111,PMO,PNL
36.81361111,11.96611111,38.18111111,13.105,PNL,PMO
52.42111111,16.82638889,50.03194444,8.577777778,POZ,FRA
52.42111111,16.82638889,48.1325,11.69916667,POZ,MUC
50.10083333,14.26,50.86583333,7.141944444,PRG,CGN
50.10083333,14.26,51.28111111,6.752777778,PRG,DUS
50.10083333,14.26,50.03194444,8.577777778,PRG,FRA
50.10083333,14.26,46.23944444,6.110277778,PRG,GVA
50.10083333,14.26,53.63388889,9.995,PRG,HAM
50.10083333,14.26,48.1325,11.69916667,PRG,MUC
50.10083333,14.26,51.88277778,0.233888889,PRG,STN
50.10083333,14.26,48.11083333,16.55805556,PRG,VIE
50.10083333,14.26,47.45833333,8.551666667,PRG,ZRH
43.68055556,10.39277778,48.1325,11.69916667,PSA,MUC
43.68055556,10.39277778,52.38,13.5225,PSA,SXF
51.31666667,6.833333333,50.03194444,8.577777778,QDU,FRA
51.31666667,6.833333333,50.63722222,5.443888889,QDU,LGG
36.38472222,28.11833333,37.89583333,23.72888889,RHO,ATH
36.38472222,28.11833333,35.34027778,25.18027778,RHO,HER
36.38472222,28.11833333,40.52083333,22.97222222,RHO,SKG
56.92361111,23.97111111,50.03194444,8.577777778,RIX,FRA
53.91805556,12.27833333,48.1325,11.69916667,RLG,MUC
53.91805556,12.27833333,48.68833333,9.21,RLG,STR
56.25833333,15.26111111,59.66194444,17.93388889,RNB,ARN
51.95833333,4.444444444,52.30833333,4.768055556,RTM,AMS
51.95833333,4.444444444,48.1325,11.69916667,RTM,MUC
51.95833333,4.444444444,52.38,13.5225,RTM,SXF
50.11,22.01888889,48.1325,11.69916667,RZE,MUC
45.78555556,24.09138889,48.1325,11.69916667,SBZ,MUC
45.78555556,24.09138889,48.11083333,16.55805556,SBZ,VIE
49.21444444,7.109444444,53.63388889,9.995,SCN,HAM
42.895,-8.415,36.67166667,-4.498055556,SCQ,AGP
42.895,-8.415,39.55361111,2.727777778,SCQ,PMI
64.625,21.07833333,59.66194444,17.93388889,SFT,ARN
40.52083333,22.97222222,37.89583333,23.72888889,SKG,ATH
40.52083333,22.97222222,50.03194444,8.577777778,SKG,FRA
40.52083333,22.97222222,48.1325,11.69916667,SKG,MUC
40.52083333,22.97222222,37.68888889,26.91388889,SKG,SMI
40.52083333,22.97222222,52.38,13.5225,SKG,SXF
40.52083333,22.97222222,48.11083333,16.55805556,SKG,VIE
37.68888889,26.91388889,40.52083333,22.97222222,SMI,SKG
52.70055556,-8.918611111,52.45388889,-1.746388889,SNN,BHX
52.70055556,-8.918611111,55.95,-3.3725,SNN,EDI
52.70055556,-8.918611111,51.4775,-0.461388889,SNN,LHR
42.69527778,23.40611111,50.03194444,8.577777778,SOF,FRA
42.69527778,23.40611111,48.1325,11.69916667,SOF,MUC
42.69527778,23.40611111,48.11083333,16.55805556,SOF,VIE
42.69527778,23.40611111,47.45833333,8.551666667,SOF,ZRH
28.6225,-17.75361111,52.30833333,4.768055556,SPC,AMS
28.6225,-17.75361111,59.66194444,17.93388889,SPC,ARN
28.6225,-17.75361111,51.28111111,6.752777778,SPC,DUS
28.6225,-17.75361111,57.66305556,12.28277778,SPC,GOT
28.6225,-17.75361111,60.32555556,24.97166667,SPC,HEL
28.6225,-17.75361111,27.93194444,-15.38666667,SPC,LPA
28.6225,-17.75361111,40.47361111,-3.561111111,SPC,MAD
28.6225,-17.75361111,52.56027778,13.29555556,SPC,TXL
43.53833333,16.29888889,50.03194444,8.577777778,SPU,FRA
43.53833333,16.29888889,48.1325,11.69916667,SPU,MUC
51.88277778,0.233888889,52.30833333,4.768055556,STN,AMS
51.88277778,0.233888889,50.86583333,7.141944444,STN,CGN
51.88277778,0.233888889,55.95,-3.3725,STN,EDI
51.88277778,0.233888889,56.06666667,-6.216666667,STN,GLA
51.88277778,0.233888889,46.23944444,6.110277778,STN,GVA
51.88277778,0.233888889,52.46166667,9.684722222,STN,HAJ
51.88277778,0.233888889,51.4775,-0.461388889,STN,LHR
51.88277778,0.233888889,39.55361111,2.727777778,STN,PMI
51.88277778,0.233888889,50.10083333,14.26,STN,PRG
51.88277778,0.233888889,48.68833333,9.21,STN,STR
51.88277778,0.233888889,28.04277778,-16.57055556,STN,TFS
51.88277778,0.233888889,48.11083333,16.55805556,STN,VIE
48.68833333,9.21,36.67166667,-4.498055556,STR,AGP
48.68833333,9.21,52.30833333,4.768055556,STR,AMS
48.68833333,9.21,41.30277778,2.094444444,STR,BCN
48.68833333,9.21,53.04666667,8.79,STR,BRE
48.68833333,9.21,50.90166667,4.494166667,STR,BRU
48.68833333,9.21,47.43694444,19.25555556,STR,BUD
48.68833333,9.21,55.61805556,12.65583333,STR,CPH
48.68833333,9.21,51.13277778,13.76722222,STR,DRS
48.68833333,9.21,50.03194444,8.577777778,STR,FRA
48.68833333,9.21,28.45277778,-13.86388889,STR,FUE
48.68833333,9.21,46.99333333,15.44,STR,GRZ
48.68833333,9.21,52.46166667,9.684722222,STR,HAJ
48.68833333,9.21,53.63388889,9.995,STR,HAM
48.68833333,9.21,51.42388889,12.23638889,STR,LEJ
48.68833333,9.21,51.4775,-0.461388889,STR,LHR
48.68833333,9.21,38.78138889,-9.135833333,STR,LIS
48.68833333,9.21,48.1325,11.69916667,STR,MUC
48.68833333,9.21,45.63277778,8.732222222,STR,MXP
48.68833333,9.21,39.55361111,2.727777778,STR,PMI
48.68833333,9.21,53.91805556,12.27833333,STR,RLG
48.68833333,9.21,51.88277778,0.233888889,STR,STN
48.68833333,9.21,28.04277778,-16.57055556,STR,TFS
48.68833333,9.21,52.56027778,13.29555556,STR,TXL
48.68833333,9.21,48.11083333,16.55805556,STR,VIE
48.68833333,9.21,45.74305556,16.06888889,STR,ZAG
48.68833333,9.21,47.45833333,8.551666667,STR,ZRH
58.87972222,5.634722222,60.29361111,5.219444444,SVG,BGO
58.87972222,5.634722222,55.52638889,8.5525,SVG,EBJ
58.87972222,5.634722222,58.20305556,8.084166667,SVG,KRS
58.87972222,5.634722222,63.11472222,7.844444444,SVG,KSU
58.87972222,5.634722222,55.03777778,-1.686666667,SVG,NCL
58.87972222,5.634722222,63.45972222,10.93694444,SVG,TRD
37.415,-5.8975,27.93194444,-15.38666667,SVQ,LPA
37.415,-5.8975,40.47361111,-3.561111111,SVQ,MAD
37.415,-5.8975,39.48861111,-0.481944444,SVQ,VLC
48.53694444,7.6275,50.03194444,8.577777778,SXB,FRA
52.38,13.5225,36.67166667,-4.498055556,SXF,AGP
52.38,13.5225,52.30833333,4.768055556,SXF,AMS
52.38,13.5225,59.66194444,17.93388889,SXF,ARN
52.38,13.5225,37.89583333,23.72888889,SXF,ATH
52.38,13.5225,41.30277778,2.094444444,SXF,BCN
52.38,13.5225,44.82944444,-0.714444444,SXF,BOD
52.38,13.5225,51.38277778,-2.719166667,SXF,BRS
52.38,13.5225,50.90166667,4.494166667,SXF,BRU
52.38,13.5225,47.59,7.53,SXF,BSL
52.38,13.5225,47.43694444,19.25555556,SXF,BUD
52.38,13.5225,56.06666667,-6.216666667,SXF,GLA
52.38,13.5225,46.23944444,6.110277778,SXF,GVA
52.38,13.5225,45.72555556,5.081666667,SXF,LYS
52.38,13.5225,53.35333333,-2.276666667,SXF,MAN
52.38,13.5225,45.63277778,8.732222222,SXF,MXP
52.38,13.5225,40.88611111,14.29166667,SXF,NAP
52.38,13.5225,43.66388889,7.2175,SXF,NCE
52.38,13.5225,60.20277778,11.08555556,SXF,OSL
52.38,13.5225,39.55361111,2.727777778,SXF,PMI
52.38,13.5225,43.68055556,10.39277778,SXF,PSA
52.38,13.5225,51.95833333,4.444444444,SXF,RTM
52.38,13.5225,40.52083333,22.97222222,SXF,SKG
52.38,13.5225,47.79333333,13.00444444,SXF,SZG
52.38,13.5225,28.04277778,-16.57055556,SXF,TFS
52.38,13.5225,43.63,1.363611111,SXF,TLS
52.38,13.5225,45.50666667,12.35,SXF,VCE
52.38,13.5225,48.11083333,16.55805556,SXF,VIE
52.38,13.5225,47.45833333,8.551666667,SXF,ZRH
47.79333333,13.00444444,50.90166667,4.494166667,SZG,BRU
47.79333333,13.00444444,49.00972222,2.547777778,SZG,CDG
47.79333333,13.00444444,50.86583333,7.141944444,SZG,CGN
47.79333333,13.00444444,51.28111111,6.752777778,SZG,DUS
47.79333333,13.00444444,50.03194444,8.577777778,SZG,FRA
47.79333333,13.00444444,47.26083333,11.34722222,SZG,INN
47.79333333,13.00444444,48.1325,11.69916667,SZG,MUC
47.79333333,13.00444444,52.38,13.5225,SZG,SXF
47.79333333,13.00444444,48.11083333,16.55805556,SZG,VIE
53.58472222,14.90222222,52.16666667,20.96666667,SZZ,WAW
28.04277778,-16.57055556,36.67166667,-4.498055556,TFS,AGP
28.04277778,-16.57055556,41.30277778,2.094444444,TFS,BCN
28.04277778,-16.57055556,50.90166667,4.494166667,TFS,BRU
28.04277778,-16.57055556,47.59,7.53,TFS,BSL
28.04277778,-16.57055556,52.83111111,-1.328055556,TFS,EMA
28.04277778,-16.57055556,52.13527778,7.686111111,TFS,FMO
28.04277778,-16.57055556,56.06666667,-6.216666667,TFS,GLA
28.04277778,-16.57055556,60.32555556,24.97166667,TFS,HEL
28.04277778,-16.57055556,51.42388889,12.23638889,TFS,LEJ
28.04277778,-16.57055556,27.93194444,-15.38666667,TFS,LPA
28.04277778,-16.57055556,40.47361111,-3.561111111,TFS,MAD
28.04277778,-16.57055556,45.63277778,8.732222222,TFS,MXP
28.04277778,-16.57055556,55.03777778,-1.686666667,TFS,NCL
28.04277778,-16.57055556,60.20277778,11.08555556,TFS,OSL
28.04277778,-16.57055556,50.10083333,14.26,TFS,PRG
28.04277778,-16.57055556,56.92361111,23.97111111,TFS,RIX
28.04277778,-16.57055556,51.88277778,0.233888889,TFS,STN
28.04277778,-16.57055556,52.38,13.5225,TFS,SXF
28.04277778,-16.57055556,59.41333333,24.83277778,TFS,TLL
28.04277778,-16.57055556,54.63333333,25.28333333,TFS,VNO
60.51472222,22.26555556,59.66194444,17.93388889,TKU,ARN
60.51472222,22.26555556,60.32555556,24.97166667,TKU,HEL
59.41333333,24.83277778,50.03194444,8.577777778,TLL,FRA
59.41333333,24.83277778,48.1325,11.69916667,TLL,MUC
43.63,1.363611111,50.03194444,8.577777778,TLS,FRA
43.63,1.363611111,53.63388889,9.995,TLS,HAM
43.63,1.363611111,48.1325,11.69916667,TLS,MUC
43.63,1.363611111,52.38,13.5225,TLS,SXF
61.46388889,23.73888889,59.66194444,17.93388889,TMP,ARN
61.46388889,23.73888889,60.32555556,24.97166667,TMP,HEL
69.68138889,18.92166667,69.97611111,23.38055556,TOS,ALF
69.68138889,18.92166667,60.29361111,5.219444444,TOS,BGO
69.68138889,18.92166667,67.26916667,14.37222222,TOS,BOO
69.68138889,18.92166667,68.49111111,16.67972222,TOS,EVE
69.68138889,18.92166667,69.72277778,29.89333333,TOS,KKN
69.68138889,18.92166667,65.54472222,22.12777778,TOS,LLA
69.68138889,18.92166667,78.24527778,15.46944444,TOS,LYR
69.68138889,18.92166667,64.92916667,25.35833333,TOS,OUL
69.68138889,18.92166667,63.45972222,10.93694444,TOS,TRD
63.45972222,10.93694444,62.56111111,6.114166667,TRD,AES
63.45972222,10.93694444,60.29361111,5.219444444,TRD,BGO
63.45972222,10.93694444,67.26916667,14.37222222,TRD,BOO
63.45972222,10.93694444,68.49111111,16.67972222,TRD,EVE
63.45972222,10.93694444,58.20305556,8.084166667,TRD,KRS
63.45972222,10.93694444,27.93194444,-15.38666667,TRD,LPA
63.45972222,10.93694444,62.74861111,7.271111111,TRD,MOL
63.45972222,10.93694444,58.87972222,5.634722222,TRD,SVG
63.45972222,10.93694444,69.68138889,18.92166667,TRD,TOS
45.20111111,7.648055556,50.03194444,8.577777778,TRN,FRA
45.20111111,7.648055556,48.1325,11.69916667,TRN,MUC
45.82666667,13.47222222,48.1325,11.69916667,TRS,MUC
45.8275,13.47222222,48.1325,11.69916667,TSR,MUC
52.56027778,13.29555556,59.66194444,17.93388889,TXL,ARN
52.56027778,13.29555556,41.30277778,2.094444444,TXL,BCN
52.56027778,13.29555556,46.91527778,7.499166667,TXL,BRN
52.56027778,13.29555556,50.90166667,4.494166667,TXL,BRU
52.56027778,13.29555556,49.00972222,2.547777778,TXL,CDG
52.56027778,13.29555556,50.86583333,7.141944444,TXL,CGN
52.56027778,13.29555556,55.61805556,12.65583333,TXL,CPH
52.56027778,13.29555556,51.28111111,6.752777778,TXL,DUS
52.56027778,13.29555556,50.03194444,8.577777778,TXL,FRA
52.56027778,13.29555556,51.4775,-0.461388889,TXL,LHR
52.56027778,13.29555556,49.62777778,6.206666667,TXL,LUX
52.56027778,13.29555556,48.1325,11.69916667,TXL,MUC
52.56027778,13.29555556,49.49972222,11.08166667,TXL,NUE
52.56027778,13.29555556,60.20277778,11.08555556,TXL,OSL
52.56027778,13.29555556,28.6225,-17.75361111,TXL,SPC
52.56027778,13.29555556,48.68833333,9.21,TXL,STR
52.56027778,13.29555556,48.11083333,16.55805556,TXL,VIE
52.56027778,13.29555556,47.45833333,8.551666667,TXL,ZRH
63.79333333,20.28444444,63.19861111,14.49444444,UME,OSD
44.92,4.970277778,59.66194444,17.93388889,VAA,ARN
44.92,4.970277778,60.32555556,24.97166667,VAA,HEL
43.23222222,27.82555556,42.69527778,23.40611111,VAR,SOF
43.23222222,27.82555556,48.11083333,16.55805556,VAR,VIE
45.50666667,12.35,50.86583333,7.141944444,VCE,CGN
45.50666667,12.35,51.28111111,6.752777778,VCE,DUS
45.50666667,12.35,50.03194444,8.577777778,VCE,FRA
45.50666667,12.35,48.1325,11.69916667,VCE,MUC
45.50666667,12.35,52.38,13.5225,VCE,SXF
45.50666667,12.35,45.50666667,12.35,VCE,VCE
45.50666667,12.35,48.11083333,16.55805556,VCE,VIE
45.50666667,12.35,47.45833333,8.551666667,VCE,ZRH
42.22638889,-8.627777778,38.78138889,-9.135833333,VGO,LIS
42.22638889,-8.627777778,40.47361111,-3.561111111,VGO,MAD
48.11083333,16.55805556,52.30833333,4.768055556,VIE,AMS
48.11083333,16.55805556,59.66194444,17.93388889,VIE,ARN
48.11083333,16.55805556,37.89583333,23.72888889,VIE,ATH
48.11083333,16.55805556,44.53055556,11.2925,VIE,BLQ
48.11083333,16.55805556,50.90166667,4.494166667,VIE,BRU
48.11083333,16.55805556,47.59,7.53,VIE,BSL
48.11083333,16.55805556,47.43694444,19.25555556,VIE,BUD
48.11083333,16.55805556,49.00972222,2.547777778,VIE,CDG
48.11083333,16.55805556,50.86583333,7.141944444,VIE,CGN
48.11083333,16.55805556,55.61805556,12.65583333,VIE,CPH
48.11083333,16.55805556,51.28111111,6.752777778,VIE,DUS
48.11083333,16.55805556,41.80027778,12.23888889,VIE,FCO
48.11083333,16.55805556,50.03194444,8.577777778,VIE,FRA
48.11083333,16.55805556,28.45277778,-13.86388889,VIE,FUE
48.11083333,16.55805556,46.99333333,15.44,VIE,GRZ
48.11083333,16.55805556,46.23944444,6.110277778,VIE,GVA
48.11083333,16.55805556,52.46166667,9.684722222,VIE,HAJ
48.11083333,16.55805556,53.63388889,9.995,VIE,HAM
48.11083333,16.55805556,47.17861111,27.62055556,VIE,IAS
48.11083333,16.55805556,47.26083333,11.34722222,VIE,INN
48.11083333,16.55805556,46.64305556,14.34166667,VIE,KLU
48.11083333,16.55805556,50.07777778,19.78472222,VIE,KRK
48.11083333,16.55805556,48.66305556,21.24111111,VIE,KSC
48.11083333,16.55805556,34.87777778,33.63055556,VIE,LCA
48.11083333,16.55805556,51.42388889,12.23638889,VIE,LEJ
48.11083333,16.55805556,51.4775,-0.461388889,VIE,LHR
48.11083333,16.55805556,48.23444444,14.19361111,VIE,LNZ
48.11083333,16.55805556,45.72555556,5.081666667,VIE,LYS
48.11083333,16.55805556,53.35333333,-2.276666667,VIE,MAN
48.11083333,16.55805556,48.1325,11.69916667,VIE,MUC
48.11083333,16.55805556,45.63277778,8.732222222,VIE,MXP
48.11083333,16.55805556,43.66388889,7.2175,VIE,NCE
48.11083333,16.55805556,49.49972222,11.08166667,VIE,NUE
48.11083333,16.55805556,60.20277778,11.08555556,VIE,OSL
48.11083333,16.55805556,44.57222222,26.10222222,VIE,OTP
48.11083333,16.55805556,50.10083333,14.26,VIE,PRG
48.11083333,16.55805556,45.78555556,24.09138889,VIE,SBZ
48.11083333,16.55805556,40.52083333,22.97222222,VIE,SKG
48.11083333,16.55805556,42.69527778,23.40611111,VIE,SOF
48.11083333,16.55805556,51.88277778,0.233888889,VIE,STN
48.11083333,16.55805556,48.68833333,9.21,VIE,STR
48.11083333,16.55805556,52.38,13.5225,VIE,SXF
48.11083333,16.55805556,47.79333333,13.00444444,VIE,SZG
48.11083333,16.55805556,52.56027778,13.29555556,VIE,TXL
48.11083333,16.55805556,43.23222222,27.82555556,VIE,VAR
48.11083333,16.55805556,45.50666667,12.35,VIE,VCE
48.11083333,16.55805556,48.11083333,16.55805556,VIE,VIE
48.11083333,16.55805556,54.63333333,25.28333333,VIE,VNO
48.11083333,16.55805556,52.16666667,20.96666667,VIE,WAW
48.11083333,16.55805556,45.74305556,16.06888889,VIE,ZAG
48.11083333,16.55805556,47.45833333,8.551666667,VIE,ZRH
39.48861111,-0.481944444,36.67166667,-4.498055556,VLC,AGP
39.48861111,-0.481944444,41.30277778,2.094444444,VLC,BCN
39.48861111,-0.481944444,43.30277778,-2.921666667,VLC,BIO
39.48861111,-0.481944444,51.28111111,6.752777778,VLC,DUS
39.48861111,-0.481944444,50.03194444,8.577777778,VLC,FRA
39.48861111,-0.481944444,46.23944444,6.110277778,VLC,GVA
39.48861111,-0.481944444,38.87361111,1.372777778,VLC,IBZ
39.48861111,-0.481944444,40.47361111,-3.561111111,VLC,MAD
39.48861111,-0.481944444,39.86138889,4.215277778,VLC,MAH
39.48861111,-0.481944444,39.55361111,2.727777778,VLC,PMI
39.48861111,-0.481944444,37.415,-5.8975,VLC,SVQ
39.48861111,-0.481944444,47.45833333,8.551666667,VLC,ZRH
54.63333333,25.28333333,50.90166667,4.494166667,VNO,BRU
54.63333333,25.28333333,50.03194444,8.577777778,VNO,FRA
54.63333333,25.28333333,48.11083333,16.55805556,VNO,VIE
45.46666667,10.93333333,50.03194444,8.577777778,VRN,FRA
45.46666667,10.93333333,48.1325,11.69916667,VRN,MUC
52.16666667,20.96666667,51.28111111,6.752777778,WAW,DUS
52.16666667,20.96666667,50.03194444,8.577777778,WAW,FRA
52.16666667,20.96666667,48.1325,11.69916667,WAW,MUC
52.16666667,20.96666667,53.58472222,14.90222222,WAW,SZZ
52.16666667,20.96666667,48.11083333,16.55805556,WAW,VIE
52.16666667,20.96666667,47.45833333,8.551666667,WAW,ZRH
51.1,16.88333333,51.28111111,6.752777778,WRO,DUS
51.1,16.88333333,50.03194444,8.577777778,WRO,FRA
51.1,16.88333333,48.1325,11.69916667,WRO,MUC
48.54055556,7.632222222,50.03194444,8.577777778,XER,FRA
36.74527778,-6.058888889,40.47361111,-3.561111111,XRY,MAD
44.10833333,15.34666667,45.74305556,16.06888889,ZAD,ZAG
45.74305556,16.06888889,50.86583333,7.141944444,ZAG,CGN
45.74305556,16.06888889,50.03194444,8.577777778,ZAG,FRA
45.74305556,16.06888889,48.1325,11.69916667,ZAG,MUC
45.74305556,16.06888889,48.68833333,9.21,ZAG,STR
45.74305556,16.06888889,48.11083333,16.55805556,ZAG,VIE
45.74305556,16.06888889,44.10833333,15.34666667,ZAG,ZAD
47.45833333,8.551666667,36.67166667,-4.498055556,ZRH,AGP
47.45833333,8.551666667,52.30833333,4.768055556,ZRH,AMS
47.45833333,8.551666667,59.66194444,17.93388889,ZRH,ARN
47.45833333,8.551666667,37.89583333,23.72888889,ZRH,ATH
47.45833333,8.551666667,41.30277778,2.094444444,ZRH,BCN
47.45833333,8.551666667,52.45388889,-1.746388889,ZRH,BHX
47.45833333,8.551666667,50.90166667,4.494166667,ZRH,BRU
47.45833333,8.551666667,47.43694444,19.25555556,ZRH,BUD
47.45833333,8.551666667,49.00972222,2.547777778,ZRH,CDG
47.45833333,8.551666667,50.86583333,7.141944444,ZRH,CGN
47.45833333,8.551666667,55.61805556,12.65583333,ZRH,CPH
47.45833333,8.551666667,51.13277778,13.76722222,ZRH,DRS
47.45833333,8.551666667,53.4325,-6.252222222,ZRH,DUB
47.45833333,8.551666667,51.28111111,6.752777778,ZRH,DUS
47.45833333,8.551666667,41.80027778,12.23888889,ZRH,FCO
47.45833333,8.551666667,43.81027778,11.19777778,ZRH,FLR
47.45833333,8.551666667,50.03194444,8.577777778,ZRH,FRA
47.45833333,8.551666667,57.66305556,12.28277778,ZRH,GOT
47.45833333,8.551666667,46.99333333,15.44,ZRH,GRZ
47.45833333,8.551666667,46.23944444,6.110277778,ZRH,GVA
47.45833333,8.551666667,52.46166667,9.684722222,ZRH,HAJ
47.45833333,8.551666667,53.63388889,9.995,ZRH,HAM
47.45833333,8.551666667,50.07777778,19.78472222,ZRH,KRK
47.45833333,8.551666667,51.50527778,0.055277778,ZRH,LCY
47.45833333,8.551666667,51.42388889,12.23638889,ZRH,LEJ
47.45833333,8.551666667,51.4775,-0.461388889,ZRH,LHR
47.45833333,8.551666667,38.78138889,-9.135833333,ZRH,LIS
47.45833333,8.551666667,46.00416667,8.910555556,ZRH,LUG
47.45833333,8.551666667,49.62777778,6.206666667,ZRH,LUX
47.45833333,8.551666667,45.72555556,5.081666667,ZRH,LYS
47.45833333,8.551666667,40.47361111,-3.561111111,ZRH,MAD
47.45833333,8.551666667,53.35333333,-2.276666667,ZRH,MAN
47.45833333,8.551666667,48.1325,11.69916667,ZRH,MUC
47.45833333,8.551666667,45.63277778,8.732222222,ZRH,MXP
47.45833333,8.551666667,40.88611111,14.29166667,ZRH,NAP
47.45833333,8.551666667,43.66388889,7.2175,ZRH,NCE
47.45833333,8.551666667,49.49972222,11.08166667,ZRH,NUE
47.45833333,8.551666667,60.20277778,11.08555556,ZRH,OSL
47.45833333,8.551666667,44.57222222,26.10222222,ZRH,OTP
47.45833333,8.551666667,39.55361111,2.727777778,ZRH,PMI
47.45833333,8.551666667,50.10083333,14.26,ZRH,PRG
47.45833333,8.551666667,42.69527778,23.40611111,ZRH,SOF
47.45833333,8.551666667,48.68833333,9.21,ZRH,STR
47.45833333,8.551666667,52.38,13.5225,ZRH,SXF
47.45833333,8.551666667,52.56027778,13.29555556,ZRH,TXL
47.45833333,8.551666667,45.50666667,12.35,ZRH,VCE
47.45833333,8.551666667,48.11083333,16.55805556,ZRH,VIE
47.45833333,8.551666667,39.48861111,-0.481944444,ZRH,VLC
47.45833333,8.551666667,52.16666667,20.96666667,ZRH,WAW
37.75111111,20.88277778,37.89583333,23.72888889,ZTH,ATH
